{"cameraMode":{"drawMode":0,"name":"Shaded","section":"Shading Mode"},"sceneLighting":false,"audioPlay":true,"sceneViewState":{"m_AlwaysRefresh":false,"showFog":true,"showSkybox":false,"showFlares":true,"showImageEffects":true,"showParticleSystems":true,"showVisualEffectGraphs":true,"m_FxEnabled":true},"in2DMode":false,"pivot":{"x":-0.005520429462194443,"y":0.12129615247249603,"z":0.0028851330280303957},"rotation":{"x":-0.12668845057487489,"y":0.6978924870491028,"z":-0.69337397813797,"w":-0.12782776355743409},"size":0.20277950167655946,"orthographic":false}