{"cameraMode":{"drawMode":0,"name":"Shaded","section":"Shading Mode"},"sceneLighting":true,"audioPlay":false,"sceneViewState":{"m_AlwaysRefresh":false,"showFog":true,"showSkybox":true,"showFlares":true,"showImageEffects":true,"showParticleSystems":true,"showVisualEffectGraphs":true,"m_FxEnabled":true},"in2DMode":false,"pivot":{"x":772.9821166992188,"y":5.6020731925964359,"z":776.792724609375},"rotation":{"x":0.16081443428993226,"y":0.15488629043102265,"z":-0.025373021140694619,"w":0.9745579957962036},"size":3.197723150253296,"orthographic":true}